<root xmlns:v3="urn:hl7-org:v3">
    <v3:section code="34066-1" number="!"><v3:title>BOXED WARNING</v3:title></v3:section>
    <v3:section code="34067-9" number="1"><v3:title>INDICATIONS AND USAGE</v3:title>
      <v3:section code="XSS1"></v3:section>
    </v3:section>
    <v3:section code="34068-7" number="2"><v3:title>DOSAGE AND ADMINISTRATION</v3:title>
      <v3:section code="XSS2G"><v3:title/></v3:section><!-- general -->
      <v3:section code="XSS2"></v3:section>
    </v3:section>
    <v3:section code="34069-5" number="3"><v3:title>HOW SUPPLIED/STORAGE AND HANDLING</v3:title>
      <!-- strength, packaging, handling instructions -->
    </v3:section>
    <v3:section code="34070-3" number="4"><v3:title>CONTRAINDICATIONS</v3:title></v3:section>
    <v3:section code="34071-1" number="5"><v3:title>WARNINGS/PRECAUTIONS</v3:title>
      <v3:section code="34072-9"><v3:title>General Precautions</v3:title></v3:section>
      <v3:section code="XSS5"></v3:section>
    </v3:section>
    <v3:section code="34073-7" number="6"><v3:title>DRUG INTERACTIONS</v3:title>
      <v3:section code="XSS6"></v3:section>
      <v3:section code="34074-5"><v3:title>Drug/Laboratory Test Interactions</v3:title></v3:section><!-- defined as: "DRUG OR LABORATORY TEST INTERACTION" -->
    </v3:section>

    <v3:section code="XMS7" number="7"><v3:title>USE IN SPECIAL POPULATIONS</v3:title>
      <v3:section code="XSS7.1" number="1"><v3:title>Pregnancy</v3:title></v3:section>
      <v3:section code="34079-4" number="2"><v3:title>Labor and Delivery</v3:title></v3:section>
      <v3:section code="34080-2" number="3"><v3:title>Lactating Women</v3:title></v3:section>
      <v3:section code="34081-0" number="4"><v3:title>Pediatric Use</v3:title></v3:section>
      <v3:section code="34082-8" number="5"><v3:title>Geriatric Use</v3:title></v3:section>
    </v3:section>

    <v3:section code="34084-4" number="8"><v3:title>ADVERSE REACTIONS</v3:title>
      <v3:section code="34075-2"><v3:title>ALTERED LABORATORY FINDINGS</v3:title></v3:section><!-- was: LABORATORY TESTS -->
      <v3:section code="34077-8"><v3:title>TERATOGENIC EFFECTS</v3:title></v3:section>
      <v3:section code="34078-6"><v3:title>NONTERATOGENIC EFFECTS</v3:title></v3:section>
    </v3:section>

    <v3:section code="34088-5" number="10"><v3:title>OVERDOSAGE</v3:title></v3:section>
    <v3:section code="34089-3" number="11"><v3:title>DESCRIPTION</v3:title>
      <!-- listing information, ingredients -->
    </v3:section>

    <v3:section code="34090-1" number="12"><v3:title>CLINICAL PHARMACOLOGY</v3:title>
      <v3:section code="XSS12.1" number="1"><v3:title>Mechanism of Action</v3:title></v3:section>
      <v3:section code="XSS12.2" number="2"><v3:title>Pharmacodynamics</v3:title></v3:section>
      <v3:section code="XSS12.3" number="3"><v3:title>Pharmacokinetics</v3:title></v3:section>
    </v3:section>

    <v3:section code="XMS13" number="13"><v3:title>NONCLINICAL TOXICOLOGY</v3:title>
      <v3:section code="34083-6" number="1"><v3:title>Carcinogenesis, Mutagenesis, Impairment of Fertility</v3:title></v3:section>
      <v3:section code="34091-9" number="2"><v3:title>Animal Toxicology</v3:title></v3:section><!-- was defined as "animal pharmacology or toxicology" -->
    </v3:section>

    <v3:section code="34092-7" number="14"><v3:title>CLINICAL STUDIES</v3:title></v3:section>
    <v3:section code="34076-0" number="P"><v3:title>PATIENT COUNSELING INFORMATION</v3:title></v3:section><!-- defined as "INFORMATION FOR PATIENTS" -->

    <v3:section code="34085-1"><v3:title>CONTROLLED SUBSTANCE</v3:title></v3:section>
    <v3:section code="34086-9"><v3:title>ABUSE</v3:title></v3:section>
    <v3:section code="34087-7"><v3:title>DEPENDENCE</v3:title></v3:section>
    <v3:section code="34093-5"><v3:title>REFERENCES</v3:title></v3:section>
</root>