<?xml version="1.0" encoding="ASCII"?><?xml-stylesheet href="spl.xsl" type="text/xsl"?>
<document xmlns:xsi="http://www.w3.org/2001/XMLSchema-instance" xmlns:splx="urn:hl7-org:splx" xmlns:voc="urn:hl7-org:v3/voc" xmlns="urn:hl7-org:v3"><!-- - - - - - - - - - - - - - - - - - - - - - - - -
  SPL Header
  - - - - - - - - - - - - - - - - - - - - - - - - - - -->
   <id root="6e5f7f24-421c-11d9-885e-359253aa2240"/>
   <code code="11488-4" codeSystem="2.16.840.1.113883.6.1" codeSystemName="LOINC" displayName="Human prescription drug label"/>
   <title>Xalatan
latanoprost ophtalmic solution

EXAMPLE DOCUMENT - NOT FOR MEDICAL REFERENCE</title>
   <effectiveTime value="200212"/>
   <availabilityTime value="200212"/>
   <confidentialityCode code="N" codeSystem="2.16.840.1.113883.5.25" codeSystemName="Confidentiality"/>
   <author>
      <time value="20021201"/>
      <assignedEntity>
         <id root="6e641305-421c-11d9-885e-359253aa2240"/>
         <representedOrganization>
            <name>
				Pharmacia &amp; Upjohn Company, A subsidiary of Pharmacia Corporation
				</name>
            <addr>Kalamazoo, MI 49001, USA</addr>
         </representedOrganization>
      </assignedEntity>
   </author>
   <legalAuthenticator>
      <time value="20021208"/>
      <signatureCode code="S"/>
      <assignedEntity>
         <id root="6e6599a6-421c-11d9-885e-359253aa2240"/>
         <assignedPerson>
            <name>
               <given>Sam</given>
               <family>Signer</family>
            </name>
         </assignedPerson>
      </assignedEntity>
   </legalAuthenticator><!-- - - - - - - - - - - - - - - - - - - - - - - - -
  SPL Body
  - - - - - - - - - - - - - - - - - - - - - - - - - - -->
   <component>
      <structuredBody><!-- - - - - - - - - - - - - - - - - - - - - - - - -
  Description section
  - - - - - - - - - - - - - - - - - - - - - - - - - - -->
         <component>
            <section>
               <id root="6e6599a7-421c-11d9-885e-359253aa2240"/>
               <code code="34089-3" codeSystem="2.16.840.1.113883.6.1" codeSystemName="LOINC" displayName="Description section"/>
               <title>DESCRIPTION</title>
               <text>
                  <paragraph>Latanoprost is a prostaglandin F<sub>2a</sub> analogue. 
							Its chemical name is isopropyl-(Z)-7[(5R,2R,3R,6S)3,5-dihydroxy-2-[(3R)-
							3-hydroxybutyl-5-phenylpentyl]cyclopentyl]-5-heptenoate. Its molecular 
							formula is C<sub>40</sub>26H<sub>40</sub>O<sub>5</sub> and its 
							chemical structure is: <renderMultiMedia referencedObject="MM1"/>
                  </paragraph>
                  <paragraph>Latanoprost is a colorless to slightly yellow oil that is very 
							soluble in acetonitrile and freely soluble in acetone, ethanol, ethyl acetate,
							 isopropanol, methanol and octanol. It is practically insoluble in water.
						</paragraph>
                  <paragraph>XALATAN Sterile Ophthalmic Solution (Latanoprost 
							ophthalmic solution) is supplied as a sterile, isotonic, buffered aqueous 
							solution of latanoprost with a pH of approximately 6.7 and an osmolality of
							 approximately 267 mOsmol/kg. Each mL of XALATAN contains 50 
							 micrograms of latanoprost. Benzalkonium chloride, 0.02% is added as a 
							 preservative. The inactive ingredients are: sodium chloride, sodium 
							 dihydrogen phosphate monohydrate, disodium hydrogen phosphate 
							 anhydrous and water for injection. One drop contains approximately 1.5 
							 &#181;g of latanoprost.
						</paragraph>
               </text>
               <subject>
                  <manufacturedProduct>
                     <manufacturedMedicine>
                        <name>Xalatan</name>
                        <formCode code="TBD" displayName="ophthalmic solution" codeSystem="1.2.3.4" codeSystemName="FDA"/>
                        <activeIngredient>
                           <quantity>
                              <numerator value="50" unit="micrograms"/>
                              <denominator value="1" unit="mL"/>
                           </quantity>
                           <activeIngredientSubstance>
                              <code code="TBD" codeSystem="1.2.3.4" codeSystemName="FDA"/>
                              <name>latanoprost</name>
                              <activeMoiety>
                                 <activeMoiety>
                                    <code code="TBD" codeSystem="1.2.3.4" codeSystemName="FDA"/>
                                    <name>latanoprost</name>
                                 </activeMoiety>
                              </activeMoiety>
                           </activeIngredientSubstance>
                        </activeIngredient>
                        <asEntityWithGeneric>
                           <genericMedicine>
                              <code code="TBD" codeSystem="2.16.840.1.113883.5.1060" codeSystemName="EntityCode"/>
                              <name>latanoprost</name>
                           </genericMedicine>
                        </asEntityWithGeneric>
                        <inactiveIngredient>
                           <inactiveIngredientSubstance>
                              <code code="TBD" codeSystem="1.2.3.4" codeSystemName="FDA"/>
                              <name>benzalkonium chloride</name>
                           </inactiveIngredientSubstance>
                        </inactiveIngredient>
                        <inactiveIngredient>
                           <inactiveIngredientSubstance>
                              <code code="TBD" codeSystem="1.2.3.4" codeSystemName="FDA"/>
                              <name>sodium chloride</name>
                           </inactiveIngredientSubstance>
                        </inactiveIngredient>
                        <inactiveIngredient>
                           <inactiveIngredientSubstance>
                              <code code="TBD" codeSystem="1.2.3.4" codeSystemName="FDA"/>
                              <name>
											sodium dihydrogen phosphate monohydrate
											</name>
                           </inactiveIngredientSubstance>
                        </inactiveIngredient>
                        <inactiveIngredient>
                           <inactiveIngredientSubstance>
                              <code code="TBD" codeSystem="1.2.3.4" codeSystemName="FDA"/>
                              <name>
											disodium hydrogen phosphate anhydrous
											</name>
                           </inactiveIngredientSubstance>
                        </inactiveIngredient>
                        <inactiveIngredient>
                           <inactiveIngredientSubstance>
                              <code code="TBD" codeSystem="1.2.3.4" codeSystemName="FDA"/>
                              <name>water for injection</name>
                           </inactiveIngredientSubstance>
                        </inactiveIngredient>
                        <asContent>
                           <quantity>
                              <numerator value="2.5" unit="mL"/>
                              <denominator value="1"/>
                           </quantity>
                           <containerPackagedMedicine>
                              <code code="0013-8303-04" codeSystem="2.16.840.1.113883.6.69" codeSystemName="NDC"/>
                              <formCode code="BOT" codeSystem="4.3.2.1" codeSystemName="PackageType" displayName="Bottle"/>
                           </containerPackagedMedicine>
                        </asContent>
                     </manufacturedMedicine>
                     <consumedIn>
                        <substanceAdministration>
                           <routeCode code="OPHTHALTA" codeSystem="2.16.840.1.113883.5.112" codeSystemName="RouteOfAdministration" displayName="Ophthalmic"/>
                        </substanceAdministration>
                     </consumedIn>
                  </manufacturedProduct>
               </subject>
               <component>
                  <observationMedia ID="MM1">
                     <value xsi:type="ED" mediaType="image/jpeg">
                        <reference value="xalatan-01.jpg"/>
                     </value>
                  </observationMedia>
               </component>
            </section>
         </component><!-- - - - - - - - - - - - - - - - - - - - - - - - -
  Clinical Pharmacology section
  - - - - - - - - - - - - - - - - - - - - - - - - - - -->
         <component>
            <section>
               <id root="6e6bb428-421c-11d9-885e-359253aa2240"/>
               <code code="34090-1" codeSystem="2.16.840.1.113883.6.1" codeSystemName="LOINC" displayName="Clinical Pharmacology section"/>
               <title>CLINICAL PHARMACOLOGY</title>
               <component>
                  <section>
                     <id root="6e6bb429-421c-11d9-885e-359253aa2240"/>
                     <title>Mechanism of action</title>
                     <text>
                        <paragraph>Latanoprost is a prostanoid selective RT receptor 
									agaonist that is believed to reduce the intraocular . .
								</paragraph>
                     </text>
                  </section>
               </component>
               <component>
                  <section>
                     <id root="6e6d3aca-421c-11d9-885e-359253aa2240"/>
                     <title>Absorption</title>
                     <text>
                        <paragraph>Latanoprost is absorbed through the cornea where 
									the isopropyl ester . .</paragraph>
                     </text>
                  </section>
               </component>
               <component>
                  <section>
                     <id root="6e6ec16b-421c-11d9-885e-359253aa2240"/>
                     <title>Distribution</title>
                     <text>
                        <paragraph>The distribution volume in humans . .
								</paragraph>
                     </text>
                  </section>
               </component>
               <component>
                  <section>
                     <id root="6e6ec16c-421c-11d9-885e-359253aa2240"/>
                     <title>Metabolism</title>
                     <text>
                        <paragraph>Latanprost, an isopropyl ester prodrug, is 
									hydrolyzed by esterases . .</paragraph>
                     </text>
                  </section>
               </component>
               <component>
                  <section>
                     <id root="6e70480d-421c-11d9-885e-359253aa2240"/>
                     <title>Excretion</title>
                     <text>
                        <paragraph>The elimination of the acid of latanoprost from 
									human . .</paragraph>
                     </text>
                  </section>
               </component>
               <component>
                  <section>
                     <id root="6e71ceae-421c-11d9-885e-359253aa2240"/>
                     <code code="TBD" codeSystem="2.16.840.1.113883.6.1" codeSystemName="LOINC" displayName="Animal Pharmacology and orToxicology section"/>
                     <title>Animal Studies</title>
                     <text>
                        <paragraph>In monkeys, latanoprost has been shown to
									 induce . .</paragraph>
                        <paragraph>Ocular administration of latanoprost at a dose of . .
								</paragraph>
                     </text>
                  </section>
               </component>
            </section>
         </component><!-- - - - - - - - - - - - - - - - - - - - - - - - -
  Indications and Usage section
  - - - - - - - - - - - - - - - - - - - - - - - - - - -->
         <component>
            <section>
               <id root="6e71ceaf-421c-11d9-885e-359253aa2240"/>
               <code code="34067-9" codeSystem="2.16.840.1.113883.6.1" codeSystemName="LOINC" displayName="Indications and Usage section"/>
               <title>INDICATIONS AND USAGE</title>
               <text>
                  <paragraph>XALATAN Sterile Ophthalmic Solution is indicated for the 
							reduction of elevated intraocular pressure in patients with open-angle 
							glaucoma or ocular hypertension.
						</paragraph>
               </text>
            </section>
         </component><!-- - - - - - - - - - - - - - - - - - - - - - - - -
  Clinical Studies section
  - - - - - - - - - - - - - - - - - - - - - - - - - - -->
         <component>
            <section>
               <id root="6e735550-421c-11d9-885e-359253aa2240"/>
               <code code="34092-7" codeSystem="2.16.840.1.113883.6.1" codeSystemName="LOINC" displayName="Clinical Studies section"/>
               <title>CLINICAL STUDIES</title>
               <text>
                  <paragraph>Patients with mean baseline intraocular pressure of 24-25 
							mmHg . .
						</paragraph>
                  <paragraph>A 3-year open-label, prospective safety study with 2-year 
							extension . .
						</paragraph>
                  <paragraph>Results showed that the onset of noticeable iris 
							pigmentation . .
						</paragraph>
               </text>
            </section>
         </component><!-- - - - - - - - - - - - - - - - - - - - - - - - -
  Contraindications section
  - - - - - - - - - - - - - - - - - - - - - - - - - - -->
         <component>
            <section>
               <id root="6e74dbf1-421c-11d9-885e-359253aa2240"/>
               <code code="34070-3" codeSystem="2.16.840.1.113883.6.1" codeSystemName="LOINC" displayName="Contraindications section"/>
               <title>CONTRAINDICATIONS</title>
               <text>
                  <paragraph>Known hypersensitivity to latanprost, benzalkonium 
							chloride or any other ingredients in this product.
						</paragraph>
               </text>
            </section>
         </component><!-- - - - - - - - - - - - - - - - - - - - - - - - -
  Warnings section
  - - - - - - - - - - - - - - - - - - - - - - - - - - -->
         <component>
            <section>
               <id root="6e766292-421c-11d9-885e-359253aa2240"/>
               <code code="34071-1" codeSystem="2.16.840.1.113883.6.1" codeSystemName="LOINC" displayName="Warnings section"/>
               <title>WARNINGS</title>
               <text>
                  <paragraph>XALATAN Sterile Ophthalmic Solution has been reported to 
							cause changes to pigmented tissues. The most frequently reported 
							changes have been . .
						</paragraph>
               </text>
            </section>
         </component><!-- - - - - - - - - - - - - - - - - - - - - - - - -
  General Precautions section
  - - - - - - - - - - - - - - - - - - - - - - - - - - -->
         <component>
            <section>
               <id root="6e796fd3-421c-11d9-885e-359253aa2240"/>
               <code code="34072-9" codeSystem="2.16.840.1.113883.6.1" codeSystemName="LOINC" displayName="General Precautions section"/>
               <title>General</title>
               <text>
                  <paragraph>XALATAN Sterile Ophthalmic Solution may gradually 
							decrease the pigmentation of the iris . .
						</paragraph>
                  <paragraph>During clinical trials, the increase in brown iris pigment . .
						</paragraph>
                  <paragraph>Eyelid skin darkening, which may be irreversible, . .
						</paragraph>
                  <paragraph>XALATAN may gradually change eyelashes and vellus 
							hair . .
						</paragraph>
                  <paragraph>XALATAN should be used with caution in patients with  . .
						</paragraph>
                  <paragraph>Macular edema, including cystoid macular oedema, . .
						</paragraph>
                  <paragraph>There is limited experience with XALATAN. .
						</paragraph>
                  <paragraph>There have been reports of bacterial keratitis . .
						</paragraph>
                  <paragraph>Contact lenses should be removed prior to the 
							administration . .
						</paragraph>
               </text>
            </section>
         </component><!-- - - - - - - - - - - - - - - - - - - - - - - - -
  Information for Patients section
  - - - - - - - - - - - - - - - - - - - - - - - - - - -->
         <component>
            <section>
               <id root="6e7af674-421c-11d9-885e-359253aa2240"/>
               <code code="34076-0" codeSystem="2.16.840.1.113883.6.1" codeSystemName="LOINC" displayName="Information For Patients section"/>
               <title>Information for Patients</title>
               <text>
                  <paragraph>Patients should be advised about the potential for
							 increased brown . .
						</paragraph>
                  <paragraph>Patients should also be informed of the possibility of 
							eyelash . .
						</paragraph>
                  <paragraph>Patients should be instructed to avoid allowing the tip . .
						</paragraph>
                  <paragraph>Patients should also be advised that if they develop 
							an intercurrent . .
						</paragraph>
                  <paragraph>Patients should be advised that if they develop any ocular 
							reactions  . .
						</paragraph>
                  <paragraph>Patients should also be advised that XALATAN contains . .
						</paragraph>
                  <paragraph>If more than one topical ophthalmic drug is being used . .
						</paragraph>
               </text>
            </section>
         </component><!-- - - - - - - - - - - - - - - - - - - - - - - - -
  Drug Interactions section
  - - - - - - - - - - - - - - - - - - - - - - - - - - -->
         <component>
            <section>
               <id root="6e7c7d15-421c-11d9-885e-359253aa2240"/>
               <code code="34073-7" codeSystem="2.16.840.1.113883.6.1" codeSystemName="LOINC" displayName="Drug Interactions section"/>
               <title>Drug Interactions</title>
               <text>
                  <paragraph>In vitro studies have shown that precipitation occurs when 
							eye drops containing thimerosal are mixed with XALATAN. If such drugs 
							are used they should be administered at least five (5) minutes apart.
						</paragraph>
               </text>
            </section>
         </component><!-- - - - - - - - - - - - - - - - - - - - - - - - -
  Carcinogenesis, Mutagenesis, Impairment of Fertility section
  - - - - - - - - - - - - - - - - - - - - - - - - - - -->
         <component>
            <section>
               <id root="6e7e03b6-421c-11d9-885e-359253aa2240"/>
               <code code="34083-6" codeSystem="2.16.840.1.113883.6.1" codeSystemName="LOINC" displayName="Carcinogenesis and Mutagenesis and Impairment of        Fertility section"/>
               <title>Carcinogenesis, Mutagenesis, Impairment of Fertility</title>
               <text>
                  <paragraph>Latanprost was not mutagenic in bacteria, in mouse 
							lymphoma or in mouse micronucleus tests.
						</paragraph>
                  <paragraph>Chromosome aberrations were observed in vitro with
							 human lymphocytes.
						</paragraph>
                  <paragraph>Latanoprost was not carcinogenic . .
						</paragraph>
                  <paragraph>Additional in vitro and in vivo studies on unscheduled 
							DNA synthesis . .
						</paragraph>
               </text>
            </section>
         </component><!-- - - - - - - - - - - - - - - - - - - - - - - - -
  Teratogenic Effects section
  - - - - - - - - - - - - - - - - - - - - - - - - - - -->
         <component>
            <section>
               <id root="6e7f8a57-421c-11d9-885e-359253aa2240"/>
               <code code="34077-8" codeSystem="2.16.840.1.113883.6.1" codeSystemName="LOINC" displayName="Teratogenic Effects section"/>
               <title>Teratogenic Effects</title>
               <text>
                  <paragraph>Pregnancy Category C.
						</paragraph>
                  <paragraph>Reproduction studies have been performed in rats and 
							rabbits. In rabbits an incidence . .
						</paragraph>
               </text>
            </section>
         </component><!-- - - - - - - - - - - - - - - - - - - - - - - - -
  Nursing Mothers section
  - - - - - - - - - - - - - - - - - - - - - - - - - - -->
         <component>
            <section>
               <id root="6e8110f8-421c-11d9-885e-359253aa2240"/>
               <code code="34080-2" codeSystem="2.16.840.1.113883.6.1" codeSystemName="LOINC" displayName="Nursing Mothers section"/>
               <title>Nursing Mothers</title>
               <text>
                  <paragraph>It is not known whether this drug or its metabolites are 
							excreted in human milk. Because many drugs are excreted in human milk, 
							caution should be exercised when XALATAN is administered to a 
							nursing woman.
						</paragraph>
               </text>
            </section>
         </component><!-- - - - - - - - - - - - - - - - - - - - - - - - -
  Pediatric Use section
  - - - - - - - - - - - - - - - - - - - - - - - - - - -->
         <component>
            <section>
               <id root="6e829799-421c-11d9-885e-359253aa2240"/>
               <code code="34081-0" codeSystem="2.16.840.1.113883.6.1" codeSystemName="LOINC" displayName="Pediatric Use section"/>
               <title>Pediatric Use</title>
               <text>
                  <paragraph>Safety and effectiveness in pediatric patients have not 
							been established.
						</paragraph>
               </text>
            </section>
         </component><!-- - - - - - - - - - - - - - - - - - - - - - - - -
  Geriatric Use section
  - - - - - - - - - - - - - - - - - - - - - - - - - - -->
         <component>
            <section>
               <id root="6e841e3a-421c-11d9-885e-359253aa2240"/>
               <code code="34082-8" codeSystem="2.16.840.1.113883.6.1" codeSystemName="LOINC" displayName="Geriatric Use section"/>
               <title>Geriatric Use</title>
               <text>
                  <paragraph>No overall differences in safety or effectiveness have been
							 observed between elderly and younger patients.
						</paragraph>
               </text>
            </section>
         </component><!-- - - - - - - - - - - - - - - - - - - - - - - - -
  Adverse Reactions section
  - - - - - - - - - - - - - - - - - - - - - - - - - - -->
         <component>
            <section>
               <id root="6e85a4db-421c-11d9-885e-359253aa2240"/>
               <code code="34084-4" codeSystem="2.16.840.1.113883.6.1" codeSystemName="LOINC" displayName="Adverse Reactions section"/>
               <title>ADVERSE REACTIONS</title>
               <component>
                  <section>
                     <id root="6e85a4dc-421c-11d9-885e-359253aa2240"/>
                     <title>Adverse events referred to in other sections of this insert
								</title>
                     <text>
                        <paragraph>Eyelash changes (increased length, thickness, 
									pigmentation . .
								</paragraph>
                     </text>
                  </section>
               </component>
               <component>
                  <section>
                     <id root="6e88b21d-421c-11d9-885e-359253aa2240"/>
                     <title>Controlled Clinical Trials:</title>
                     <text>
                        <paragraph>The ocular adverse events and ocular signs and 
									symptoms reported in 5 to 15% of the patients . .
								</paragraph>
                        <paragraph>Local conjunctival hyperemia was observed; 
									however, less than 1% . .
								</paragraph>
                        <paragraph>In addition to the above listed ocular events/signs 
									and symptoms, the following were reported in 1 to 4% . .
								</paragraph>
                        <paragraph>The following events were reported in less than 1%
									 of patients: conjunctivitis, diplopia and discharge from the eye.
								</paragraph>
                        <paragraph>During clinical studies, there were extremely rare 
									reports . .
								</paragraph>
                        <paragraph>The most common systemic adverse events 
									seen . .
								</paragraph>
                     </text>
                  </section>
               </component>
               <component>
                  <section>
                     <id root="6e88b21e-421c-11d9-885e-359253aa2240"/>
                     <title>Clinical Practice</title>
                     <text>
                        <paragraph>The following events have been identified during 
									postmarketing use . .
								</paragraph>
                     </text>
                  </section>
               </component>
            </section>
         </component><!-- - - - - - - - - - - - - - - - - - - - - - - - -
  Controlled Substance section
  - - - - - - - - - - - - - - - - - - - - - - - - - - -->
         <component>
            <section>
               <id root="6e8a38bf-421c-11d9-885e-359253aa2240"/>
               <code code="34085-1" codeSystem="2.16.840.1.113883.6.1" codeSystemName="LOINC" displayName="Controlled Substance section"/><!--Note that there is no <title> element, so no title will be rendered-->
               <subject>
                  <manufacturedProduct>
                     <subjectOf>
                        <policy>
                           <code code="1" codeSystem="5.4.3.2" codeSystemName="DEADrugSchedule"/>
                        </policy>
                     </subjectOf>
                  </manufacturedProduct>
               </subject>
            </section>
         </component><!-- - - - - - - - - - - - - - - - - - - - - - - - -
  Overdosage section
  - - - - - - - - - - - - - - - - - - - - - - - - - - -->
         <component>
            <section>
               <id root="6e8d4600-421c-11d9-885e-359253aa2240"/>
               <code code="34088-5" codeSystem="2.16.840.1.113883.6.1" codeSystemName="LOINC" displayName="Overdosage section"/>
               <title>OVERDOSAGE</title>
               <text>
                  <paragraph>Apart from ocular irritation and conjunctival or 
							episcleral . .
						</paragraph>
                  <paragraph>If overdosage with XALATAN Sterile Ophthalmic 
							Solution occurs, treatment should be symptomatic.
						</paragraph>
               </text>
            </section>
         </component><!-- - - - - - - - - - - - - - - - - - - - - - - - -
  Dosage and Administration section
  - - - - - - - - - - - - - - - - - - - - - - - - - - -->
         <component>
            <section>
               <id root="6e8d4601-421c-11d9-885e-359253aa2240"/>
               <code code="34068-7" codeSystem="2.16.840.1.113883.6.1" codeSystemName="LOINC" displayName="Dosage and Administration section"/>
               <title>DOSAGE AND ADMINISTRATION</title>
               <text>
                  <paragraph>The recommended dosage is one drop (1.5 &#181;g) in the 
							affected eye(s) once daily in the evening.
						</paragraph>
                  <paragraph>The dosage of XALATAN Sterile Ophthalmic Solution should 
							not exceed once daily since it has been shown that more frequent 
							administration may decrease the intraocular pressure lowering effect.
						</paragraph>
                  <paragraph>Reduction of the intraocular pressure starts approximately 3 
							to 4 hours after administration and the maximum effect is reached after 8 
							to 12 hours.
						</paragraph>
                  <paragraph>XALATAN may be used concomitantly with other topical 
							ophthalmic products to lower intraocular pressure. If more than one 
							topical ophthalmic drug is being used, the drugs should be administered at
							 least five (5) minutes apart.
						</paragraph>
               </text>
            </section>
         </component><!-- - - - - - - - - - - - - - - - - - - - - - - - -
  How Supplied section
  - - - - - - - - - - - - - - - - - - - - - - - - - - -->
         <component>
            <section>
               <id root="6e905342-421c-11d9-885e-359253aa2240"/>
               <code code="34069-5" codeSystem="2.16.840.1.113883.6.1" codeSystemName="LOINC" displayName="How Supplied section"/>
               <title>HOW SUPPLIED</title>
               <text>
                  <paragraph>XALATAN Sterile Ophthalmic Solution is a clear, isotonic, 
							buffered, preserved colorless solution of latanoprost 0.005% (50 
							&#181;g/mL). It is supplied as a 2.5 mL solution in a 5 mL clear low 
							density polyethylene bottle with a clear low density polyethylene dropper 
							tip, a turquoise high density polyethylene screw cap, and a tamper-
							evident clear low density polyethyelene overcap.
						</paragraph>
                  <paragraph>NDC 0013-8303-04
						</paragraph>
                  <paragraph>2.5 mL fill, 0.005% (50 &#181;g/mL).
						</paragraph>
                  <paragraph>Storage: Protect from light. Store unopened bottle under 
							refrigeration at 2&#186;to 8&#186;C (36&#186;to 46&#186;F). Once 
							opened the 2.5 mL container may be stored at room temperature up to 25
							&#186;C (77F&#186;) for 6 weeks.
						</paragraph>
               </text>
            </section>
         </component>
      </structuredBody>
   </component>
</document>