<s:Envelope xmlns:s="http://www.w3.org/2003/05/soap-envelope" xmlns:a="http://www.w3.org/2005/08/addressing">
	<!--The following header applies for a Synchronous Web Services Exchange Request 
        Please note that a soap message can only have one header section. -->
  <s:Header>
		<a:Action s:mustUnderstand="1">urn:ihe:iti:2007:ProvideAndRegisterDocumentSet-b</a:Action>
		<a:MessageID>urn:uuid:6d296e90-e5dc-43d0-b455-7c1f3eb35d83</a:MessageID>
		<a:ReplyTo>
			<a:Address>http://www.w3.org/2005/08/addressing/anonymous</a:Address>
		</a:ReplyTo>
		<a:To s:mustUnderstand="1">http://localhost:2647/XdsService/IHEXDSRepository.svc</a:To>
	</s:Header>
  <!--The following DISABLED header applies for an Asynchronous Web Services Exchange Request
      Please note that a soap message can only have one header section.
  <s:Header>
    <a:Action s:mustUnderstand="1">urn:ihe:iti:2008:ProvideAndRegisterDocumentSet-bAsync</a:Action>
    <a:MessageID>urn:uuid:6d296e90-e5dc-43d0-b455-7c1f3eb35d83</a:MessageID>
    <a:ReplyTo>
      <a:Address>http://192.168.2.4:9080/XdsService/DocumentSourceReceiver.svc</a:Address>
    </a:ReplyTo>
    <a:To s:mustUnderstand="1">http://localhost:2647/XdsService/IHEXDSRepository.svc</a:To>
  </s:Header> -->
  <s:Body>
		<ProvideAndRegisterDocumentSetRequest xsi:schemaLocation="urn:ihe:iti:xds-b:2007 ../../schema/IHE/XDS.b_DocumentRepository.xsd" xmlns="urn:ihe:iti:xds-b:2007" xmlns:xsi="http://www.w3.org/2001/XMLSchema-instance" xmlns:lcm="urn:oasis:names:tc:ebxml-regrep:xsd:lcm:3.0" xmlns:rim="urn:oasis:names:tc:ebxml-regrep:xsd:rim:3.0" xmlns:rs="urn:oasis:names:tc:ebxml-regrep:xsd:rs:3.0">
			<lcm:SubmitObjectsRequest>
				<rim:RegistryObjectList>
					<rim:ExtrinsicObject id="Document01" mimeType="text/xml" objectType="urn:uuid:7edca82f-054d-47f2-a032-9b2a5b5186c1">
						<rim:Slot name="creationTime">
							<rim:ValueList>
								<rim:Value>20051224</rim:Value>
							</rim:ValueList>
						</rim:Slot>
						<rim:Slot name="languageCode">
							<rim:ValueList>
								<rim:Value>en-us</rim:Value>
							</rim:ValueList>
						</rim:Slot>
						<rim:Slot name="serviceStartTime">
							<rim:ValueList>
								<rim:Value>200412230800</rim:Value>
							</rim:ValueList>
						</rim:Slot>
						<rim:Slot name="serviceStopTime">
							<rim:ValueList>
								<rim:Value>200412230801</rim:Value>
							</rim:ValueList>
						</rim:Slot>
						<rim:Slot name="sourcePatientId">
							<rim:ValueList>
								<rim:Value>ST-1000^^^&amp;1.3.6.1.4.1.21367.2003.3.9&amp;ISO</rim:Value>
							</rim:ValueList>
						</rim:Slot>
						<rim:Slot name="sourcePatientInfo">
							<rim:ValueList>
								<rim:Value>PID-3|ST-1000^^^&amp;1.3.6.1.4.1.21367.2003.3.9&amp;ISO</rim:Value>
								<rim:Value>PID-5|Doe^John^^^</rim:Value>
								<rim:Value>PID-7|19560527</rim:Value>
								<rim:Value>PID-8|M</rim:Value>
								<rim:Value>PID-11|100 Main St^^Metropolis^Il^44130^USA</rim:Value>
							</rim:ValueList>
						</rim:Slot>
						<rim:Name>
							<rim:LocalizedString value="Physical"/>
						</rim:Name>
						<rim:Description/>
						<rim:Classification id="cl01" classificationScheme="urn:uuid:93606bcf-9494-43ec-9b4e-a7748d1a838d" classifiedObject="Document01">
							<rim:Slot name="authorPerson">
								<rim:ValueList>
									<rim:Value>Gerald Smitty</rim:Value>
								</rim:ValueList>
							</rim:Slot>
							<rim:Slot name="authorInstitution">
								<rim:ValueList>
									<rim:Value>Cleveland Clinic</rim:Value>
									<rim:Value>Parma Community</rim:Value>
								</rim:ValueList>
							</rim:Slot>
							<rim:Slot name="authorRole">
								<rim:ValueList>
									<rim:Value>Attending</rim:Value>
								</rim:ValueList>
							</rim:Slot>
							<rim:Slot name="authorSpecialty">
								<rim:ValueList>
									<rim:Value>Orthopedic</rim:Value>
								</rim:ValueList>
							</rim:Slot>
						</rim:Classification>
						<rim:Classification id="cl02" classificationScheme="urn:uuid:41a5887f-8865-4c09-adf7-e362475b143a" classifiedObject="Document01" nodeRepresentation="History and Physical">
							<rim:Slot name="codingScheme">
								<rim:ValueList>
									<rim:Value>Connect-a-thon classCodes</rim:Value>
								</rim:ValueList>
							</rim:Slot>
							<rim:Name>
								<rim:LocalizedString value="History and Physical"/>
							</rim:Name>
						</rim:Classification>
						<rim:Classification id="cl03" classificationScheme="urn:uuid:f4f85eac-e6cb-4883-b524-f2705394840f" classifiedObject="Document01" nodeRepresentation="1.3.6.1.4.1.21367.2006.7.101">
							<rim:Slot name="codingScheme">
								<rim:ValueList>
									<rim:Value>Connect-a-thon confidentialityCodes</rim:Value>
								</rim:ValueList>
							</rim:Slot>
							<rim:Name>
								<rim:LocalizedString value="Clinical-Staff"/>
							</rim:Name>
						</rim:Classification>
						<rim:Classification id="cl04" classificationScheme="urn:uuid:a09d5840-386c-46f2-b5ad-9c3699a4309d" classifiedObject="Document01" nodeRepresentation="CDAR2/IHE 1.0">
							<rim:Slot name="codingScheme">
								<rim:ValueList>
									<rim:Value>Connect-a-thon formatCodes</rim:Value>
								</rim:ValueList>
							</rim:Slot>
							<rim:Name>
								<rim:LocalizedString value="CDAR2/IHE 1.0"/>
							</rim:Name>
						</rim:Classification>
						<rim:Classification id="cl05" classificationScheme="urn:uuid:f33fb8ac-18af-42cc-ae0e-ed0b0bdb91e1" classifiedObject="Document01" nodeRepresentation="Outpatient">
							<rim:Slot name="codingScheme">
								<rim:ValueList>
									<rim:Value>Connect-a-thon healthcareFacilityTypeCodes</rim:Value>
								</rim:ValueList>
							</rim:Slot>
							<rim:Name>
								<rim:LocalizedString value="Outpatient"/>
							</rim:Name>
						</rim:Classification>
						<rim:Classification id="cl06" classificationScheme="urn:uuid:cccf5598-8b07-4b77-a05e-ae952c785ead" classifiedObject="Document01" nodeRepresentation="General Medicine">
							<rim:Slot name="codingScheme">
								<rim:ValueList>
									<rim:Value>Connect-a-thon practiceSettingCodes</rim:Value>
								</rim:ValueList>
							</rim:Slot>
							<rim:Name>
								<rim:LocalizedString value="General Medicine"/>
							</rim:Name>
						</rim:Classification>
						<rim:Classification id="cl07" classificationScheme="urn:uuid:f0306f51-975f-434e-a61c-c59651d33983" classifiedObject="Document01" nodeRepresentation="34108-1">
							<rim:Slot name="codingScheme">
								<rim:ValueList>
									<rim:Value>LOINC</rim:Value>
								</rim:ValueList>
							</rim:Slot>
							<rim:Name>
								<rim:LocalizedString value="Outpatient Evaluation And Management"/>
							</rim:Name>
						</rim:Classification>
						<rim:ExternalIdentifier id="ei01" registryObject="Document01" identificationScheme="urn:uuid:58a6f841-87b3-4a3e-92fd-a8ffeff98427" value="SELF-5^^^&amp;1.3.6.1.4.1.21367.2005.3.7&amp;ISO">
							<rim:Name>
								<rim:LocalizedString value="XDSDocumentEntry.patientId"/>
							</rim:Name>
						</rim:ExternalIdentifier>
						<rim:ExternalIdentifier id="ei02" registryObject="Document01" identificationScheme="urn:uuid:2e82c1f6-a085-4c72-9da3-8640a32e42ab" value="1.3.6.1.4.1.21367.2005.3.9999.32">
							<rim:Name>
								<rim:LocalizedString value="XDSDocumentEntry.uniqueId"/>
							</rim:Name>
						</rim:ExternalIdentifier>
					</rim:ExtrinsicObject>
					<rim:RegistryPackage id="SubmissionSet01">
						<rim:Slot name="submissionTime">
							<rim:ValueList>
								<rim:Value>20041225235050</rim:Value>
							</rim:ValueList>
						</rim:Slot>
						<rim:Name>
							<rim:LocalizedString value="Physical"/>
						</rim:Name>
						<rim:Description>
							<rim:LocalizedString value="Annual physical"/>
						</rim:Description>
						<rim:Classification id="cl08" classificationScheme="urn:uuid:a7058bb9-b4e4-4307-ba5b-e3f0ab85e12d" classifiedObject="SubmissionSet01">
							<rim:Slot name="authorPerson">
								<rim:ValueList>
									<rim:Value>Sherry Dopplemeyer</rim:Value>
								</rim:ValueList>
							</rim:Slot>
							<rim:Slot name="authorInstitution">
								<rim:ValueList>
									<rim:Value>Cleveland Clinic</rim:Value>
									<rim:Value>Berea Community</rim:Value>
								</rim:ValueList>
							</rim:Slot>
							<rim:Slot name="authorRole">
								<rim:ValueList>
									<rim:Value>Primary Surgon</rim:Value>
								</rim:ValueList>
							</rim:Slot>
							<rim:Slot name="authorSpecialty">
								<rim:ValueList>
									<rim:Value>Orthopedic</rim:Value>
								</rim:ValueList>
							</rim:Slot>
						</rim:Classification>
						<rim:Classification id="cl09" classificationScheme="urn:uuid:aa543740-bdda-424e-8c96-df4873be8500" classifiedObject="SubmissionSet01" nodeRepresentation="History and Physical">
							<rim:Slot name="codingScheme">
								<rim:ValueList>
									<rim:Value>Connect-a-thon contentTypeCodes</rim:Value>
								</rim:ValueList>
							</rim:Slot>
							<rim:Name>
								<rim:LocalizedString value="History and Physical"/>
							</rim:Name>
						</rim:Classification>
						<rim:ExternalIdentifier id="ei03" registryObject="SubmissionSet01" identificationScheme="urn:uuid:96fdda7c-d067-4183-912e-bf5ee74998a8" value="1.3.6.1.4.1.21367.2005.3.9999.33">
							<rim:Name>
								<rim:LocalizedString value="XDSSubmissionSet.uniqueId"/>
							</rim:Name>
						</rim:ExternalIdentifier>
						<rim:ExternalIdentifier id="ei04" registryObject="SubmissionSet01" identificationScheme="urn:uuid:554ac39e-e3fe-47fe-b233-965d2a147832" value="3670984664">
							<rim:Name>
								<rim:LocalizedString value="XDSSubmissionSet.sourceId"/>
							</rim:Name>
						</rim:ExternalIdentifier>
						<rim:ExternalIdentifier id="ei05" registryObject="SubmissionSet01" identificationScheme="urn:uuid:6b5aea1a-874d-4603-a4bc-96a0a7b38446" value="SELF-5^^^&amp;1.3.6.1.4.1.21367.2005.3.7&amp;ISO">
							<rim:Name>
								<rim:LocalizedString value="XDSSubmissionSet.patientId"/>
							</rim:Name>
						</rim:ExternalIdentifier>
					</rim:RegistryPackage>
					<rim:Classification id="cl10" classifiedObject="SubmissionSet01" classificationNode="urn:uuid:a54d6aa5-d40d-43f9-88c5-b4633d873bdd"/>
					<rim:Association id="as01" associationType="HasMember" sourceObject="SubmissionSet01" targetObject="Document01">
						<rim:Slot name="SubmissionSetStatus">
							<rim:ValueList>
								<rim:Value>Original</rim:Value>
							</rim:ValueList>
						</rim:Slot>
					</rim:Association>
				</rim:RegistryObjectList>
			</lcm:SubmitObjectsRequest>
			<Document id="Document01">UjBsR09EbGhjZ0dTQUxNQUFBUUNBRU1tQ1p0dU1GUXhEUzhi</Document>
		</ProvideAndRegisterDocumentSetRequest>
	</s:Body>
</s:Envelope>